film_id,actor_id
1,1.0
2,2.0
3,3.0
4,4.0
5,5.0
6,6.0
7,7.0
8,8.0
9,9.0
10,10.0
11,11.0
12,12.0
13,13.0
14,14.0
15,15.0
16,16.0
17,17.0
18,18.0
19,19.0
20,20.0
21,21.0
22,22.0
23,23.0
24,24.0
25,25.0
26,26.0
27,27.0
28,28.0
29,29.0
30,30.0
31,31.0
32,32.0
33,33.0
34,34.0
35,35.0
36,36.0
37,37.0
38,38.0
39,39.0
40,40.0
41,41.0
42,42.0
43,43.0
44,44.0
45,45.0
46,46.0
47,47.0
48,48.0
49,49.0
50,50.0
51,51.0
52,52.0
53,53.0
54,54.0
55,55.0
56,56.0
57,57.0
58,58.0
59,59.0
60,60.0
61,61.0
62,62.0
63,63.0
64,64.0
65,65.0
66,66.0
67,67.0
68,68.0
69,69.0
70,70.0
71,71.0
72,72.0
73,73.0
74,74.0
75,75.0
76,76.0
77,77.0
78,78.0
79,79.0
80,80.0
81,81.0
82,82.0
83,83.0
84,84.0
85,85.0
86,86.0
87,87.0
88,88.0
89,89.0
90,90.0
91,91.0
92,92.0
93,93.0
94,94.0
95,95.0
96,96.0
97,97.0
98,98.0
99,99.0
100,100.0
101,
102,102.0
103,103.0
104,104.0
105,105.0
106,106.0
107,107.0
108,108.0
109,109.0
110,110.0
111,111.0
112,112.0
113,113.0
114,114.0
115,115.0
116,116.0
117,117.0
118,118.0
119,119.0
120,120.0
121,121.0
122,122.0
123,123.0
124,124.0
125,125.0
126,126.0
127,127.0
128,128.0
129,129.0
130,130.0
131,131.0
132,132.0
133,133.0
134,134.0
135,135.0
136,136.0
137,137.0
138,138.0
139,139.0
140,140.0
141,141.0
142,142.0
143,143.0
144,144.0
145,145.0
146,146.0
147,147.0
148,148.0
149,149.0
150,150.0
151,151.0
152,152.0
153,153.0
154,154.0
155,155.0
156,156.0
157,157.0
158,158.0
159,159.0
160,160.0
161,161.0
162,162.0
163,163.0
164,164.0
165,165.0
166,166.0
167,167.0
168,168.0
169,169.0
170,170.0
171,171.0
172,172.0
173,173.0
174,174.0
175,175.0
176,176.0
177,177.0
178,178.0
179,179.0
180,180.0
181,181.0
182,182.0
183,183.0
184,184.0
185,185.0
186,186.0
187,187.0
188,188.0
189,189.0
190,190.0
191,191.0
192,192.0
193,193.0
194,194.0
195,195.0
196,196.0
197,197.0
198,198.0
199,199.0
200,200.0
201,
202,
203,
204,
205,
206,
207,
208,
209,
210,
211,
212,
213,
214,
215,
216,
217,
218,
219,
220,
221,
222,
223,
224,
225,
226,
227,
228,
229,
230,
231,
232,
233,
234,
235,
236,
237,
238,
239,
240,
241,
242,
243,
244,
245,
246,
247,
248,
249,
250,
251,
252,
253,
254,
255,
256,
257,
258,
259,
260,
261,
262,
263,
264,
265,
266,
267,
268,
269,
270,
271,
272,
273,
274,
275,
276,
277,
278,
279,
280,
281,
282,
283,
284,
285,
286,
287,
288,
289,
290,
291,
292,
293,
294,
295,
296,
297,
298,
299,
300,
301,
302,
303,
304,
305,
306,
307,
308,
309,
310,
311,
312,
313,
314,
315,
316,
317,
318,
319,
320,
321,
322,
323,
324,
325,
326,
327,
328,
329,
330,
331,
332,
333,
334,
335,
336,
337,
338,
339,
340,
341,
342,
343,
344,
345,
346,
347,
348,
349,
350,
351,
352,
353,
354,
355,
356,
357,
358,
359,
360,
361,
362,
363,
364,
365,
366,
367,
368,
369,
370,
371,
372,
373,
374,
375,
376,
377,
378,
379,
380,
381,
382,
383,
384,
385,
386,
387,
388,
389,
390,
391,
392,
393,
394,
395,
396,
397,
398,
399,
400,
401,
402,
403,
404,
405,
406,
407,
408,
409,
410,
411,
412,
413,
414,
415,
416,
417,
418,
419,
420,
421,
422,
423,
424,
425,
426,
427,
428,
429,
430,
431,
432,
433,
434,
435,
436,
437,
438,
439,
440,
441,
442,
443,
444,
445,
446,
447,
448,
449,
450,
451,
452,
453,
454,
455,
456,
457,
458,
459,
460,
461,
462,
463,
464,
465,
466,
467,
468,
469,
470,
471,
472,
473,
474,
475,
476,
477,
478,
479,
480,
481,
482,
483,
484,
485,
486,
487,
488,
489,
490,
491,
492,
493,
494,
495,
496,
497,
498,
499,
500,
501,
502,
503,
504,
505,
506,
507,
508,
509,
510,
511,
512,
513,
514,
515,
516,
517,
518,
519,
520,
521,
522,
523,
524,
525,
526,
527,
528,
529,
530,
531,
532,
533,
534,
535,
536,
537,
538,
539,
540,
541,
542,
543,
544,
545,
546,
547,
548,
549,
550,
551,
552,
553,
554,
555,
556,
557,
558,
559,
560,
561,
562,
563,
564,
565,
566,
567,
568,
569,
570,
571,
572,
573,
574,
575,
576,
577,
578,
579,
580,
581,
582,
583,
584,
585,
586,
587,
588,
589,
590,
591,
592,
593,
594,
595,
596,
597,
598,
599,
600,
601,
602,
603,
604,
605,
606,
607,
608,
609,
610,
611,
612,
613,
614,
615,
616,
617,
618,
619,
620,
621,
622,
623,
624,
625,
626,
627,
628,
629,
630,
631,
632,
633,
634,
635,
636,
637,
638,
639,
640,
641,
642,
643,
644,
645,
646,
647,
648,
649,
650,
651,
652,
653,
654,
655,
656,
657,
658,
659,
660,
661,
662,
663,
664,
665,
666,
667,
668,
669,
670,
671,
672,
673,
674,
675,
676,
677,
678,
679,
680,
681,
682,
683,
684,
685,
686,
687,
688,
689,
690,
691,
692,
693,
694,
695,
696,
697,
698,
699,
700,
701,
702,
703,
704,
705,
706,
707,
708,
709,
710,
711,
712,
713,
714,
715,
716,
717,
718,
719,
720,
721,
722,
723,
724,
725,
726,
727,
728,
729,
730,
731,
732,
733,
734,
735,
736,
737,
738,
739,
740,
741,
742,
743,
744,
745,
746,
747,
748,
749,
750,
751,
752,
753,
754,
755,
756,
757,
758,
759,
760,
761,
762,
763,
764,
765,
766,
767,
768,
769,
770,
771,
772,
773,
774,
775,
776,
777,
778,
779,
780,
781,
782,
783,
784,
785,
786,
787,
788,
789,
790,
791,
792,
793,
794,
795,
796,
797,
798,
799,
800,
801,
802,
803,
804,
805,
806,
807,
808,
809,
810,
811,
812,
813,
814,
815,
816,
817,
818,
819,
820,
821,
822,
823,
824,
825,
826,
827,
828,
829,
830,
831,
832,
833,
834,
835,
836,
837,
838,
839,
840,
841,
842,
843,
844,
845,
846,
847,
848,
849,
850,
851,
852,
853,
854,
855,
856,
857,
858,
859,
860,
861,
862,
863,
864,
865,
866,
867,
868,
869,
870,
871,
872,
873,
874,
875,
876,
877,
878,
879,
880,
881,
882,
883,
884,
885,
886,
887,
888,
889,
890,
891,
892,
893,
894,
895,
896,
897,
898,
899,
900,
901,
902,
903,
904,
905,
906,
907,
908,
909,
910,
911,
912,
913,
914,
915,
916,
917,
918,
919,
920,
921,
922,
923,
924,
925,
926,
927,
928,
929,
930,
931,
932,
933,
934,
935,
936,
937,
938,
939,
940,
941,
942,
943,
944,
945,
946,
947,
948,
949,
950,
951,
952,
953,
954,
955,
956,
957,
958,
959,
960,
961,
962,
963,
964,
965,
966,
967,
968,
969,
970,
971,
972,
973,
974,
975,
976,
977,
978,
979,
980,
981,
982,
983,
984,
985,
986,
987,
988,
989,
990,
991,
992,
993,
994,
995,
996,
997,
998,
999,
1000,
