rental_id,rental_date,inventory_id,customer_id,staff_id,rental_duration
1,2005-05-24 22:53:30,367,130,1,1
2,2005-05-24 22:54:33,1525,459,1,3
3,2005-05-24 23:03:39,1711,408,1,7
4,2005-05-24 23:04:41,2452,333,2,9
5,2005-05-24 23:05:21,2079,222,1,8
6,2005-05-24 23:08:07,2792,549,1,2
7,2005-05-24 23:11:53,3995,269,2,4
8,2005-05-24 23:31:46,2346,239,2,3
9,2005-05-25 00:00:40,2580,126,1,3
10,2005-05-25 00:02:21,1824,399,2,6
11,2005-05-25 00:09:02,4443,142,2,8
12,2005-05-25 00:19:27,1584,261,2,5
13,2005-05-25 00:22:55,2294,334,1,5
14,2005-05-25 00:31:15,2701,446,1,1
15,2005-05-25 00:39:22,3049,319,1,9
16,2005-05-25 00:43:11,389,316,2,1
17,2005-05-25 01:06:36,830,575,1,1
18,2005-05-25 01:10:47,3376,19,2,6
19,2005-05-25 01:17:24,1941,456,1,6
20,2005-05-25 01:48:41,3517,185,2,2
21,2005-05-25 01:59:46,146,388,2,0
22,2005-05-25 02:19:23,727,509,2,1
23,2005-05-25 02:40:21,4441,438,1,4
24,2005-05-25 02:53:02,3273,350,1,1
25,2005-05-25 03:21:20,3961,37,2,2
26,2005-05-25 03:36:50,4371,371,1,5
27,2005-05-25 03:41:50,1225,301,2,4
28,2005-05-25 03:42:37,4068,232,2,1
29,2005-05-25 03:47:12,611,44,2,4
30,2005-05-25 04:01:32,3744,430,1,4
31,2005-05-25 04:05:17,4482,369,1,5
32,2005-05-25 04:06:21,3832,230,1,0
33,2005-05-25 04:18:51,1681,272,1,1
34,2005-05-25 04:19:28,2613,597,2,3
35,2005-05-25 04:24:36,1286,484,2,2
36,2005-05-25 04:36:26,1308,88,1,3
37,2005-05-25 04:44:31,403,535,1,3
38,2005-05-25 04:47:44,2540,302,1,6
39,2005-05-25 04:51:46,4466,207,2,5
40,2005-05-25 05:09:04,2638,413,1,2
41,2005-05-25 05:12:29,1761,174,1,7
42,2005-05-25 05:24:58,380,523,2,5
43,2005-05-25 05:39:25,2578,532,2,1
44,2005-05-25 05:53:23,3098,207,2,4
45,2005-05-25 05:59:39,1853,436,2,8
46,2005-05-25 06:04:08,3318,7,2,8
47,2005-05-25 06:05:20,2211,35,1,4
48,2005-05-25 06:20:46,1780,282,1,7
49,2005-05-25 06:39:35,2965,498,2,5
50,2005-05-25 06:44:53,1983,18,2,3
51,2005-05-25 06:49:10,1257,256,1,0
52,2005-05-25 06:51:29,4017,507,2,5
53,2005-05-25 07:19:16,1255,569,2,1
54,2005-05-25 07:23:25,2787,291,2,6
55,2005-05-25 08:26:13,1139,131,1,5
56,2005-05-25 08:28:11,1352,511,1,1
57,2005-05-25 08:43:32,3938,6,2,3
58,2005-05-25 08:53:14,3050,323,1,3
59,2005-05-25 08:56:42,2884,408,1,7
60,2005-05-25 08:58:25,330,470,1,5
61,2005-05-25 09:01:57,4210,250,2,7
62,2005-05-25 09:18:52,261,419,1,5
63,2005-05-25 09:19:16,4008,383,1,1
64,2005-05-25 09:21:29,79,368,1,9
65,2005-05-25 09:32:03,3552,346,1,4
66,2005-05-25 09:35:12,1162,86,2,3
67,2005-05-25 09:41:01,239,119,2,2
68,2005-05-25 09:47:31,4029,120,2,6
69,2005-05-25 10:10:14,3207,305,2,2
70,2005-05-25 10:15:23,2168,73,2,1
71,2005-05-25 10:26:39,2408,100,1,2
72,2005-05-25 10:52:13,2260,48,2,2
73,2005-05-25 11:00:07,517,391,2,7
74,2005-05-25 11:09:48,1744,265,2,1
75,2005-05-25 11:13:34,3393,510,1,9
76,2005-05-25 11:30:37,3021,1,2,9
77,2005-05-25 11:31:59,1303,451,2,1
78,2005-05-25 11:35:18,4067,135,2,6
79,2005-05-25 12:11:07,3299,245,2,8
80,2005-05-25 12:12:07,2478,314,2,6
81,2005-05-25 12:15:19,2610,286,2,8
82,2005-05-25 12:17:46,1388,427,1,6
83,2005-05-25 12:30:15,466,131,1,2
84,2005-05-25 12:36:30,1829,492,1,4
85,2005-05-25 13:05:34,470,414,1,4
86,2005-05-25 13:36:12,2275,266,1,5
87,2005-05-25 13:52:43,1586,331,2,3
88,2005-05-25 14:13:54,2221,53,2,3
89,2005-05-25 14:28:29,2181,499,1,4
90,2005-05-25 14:31:25,2984,25,1,6
91,2005-05-25 14:57:22,139,267,1,7
92,2005-05-25 15:38:46,775,302,2,5
93,2005-05-25 15:54:16,4360,288,1,9
94,2005-05-25 16:03:42,1675,197,1,4
95,2005-05-25 16:12:52,178,400,2,8
96,2005-05-25 16:32:19,3418,49,2,4
97,2005-05-25 16:34:24,1283,263,2,2
98,2005-05-25 16:48:24,2970,269,2,1
99,2005-05-25 16:50:20,535,44,1,3
100,2005-05-25 16:50:28,2599,208,1,8
101,2005-05-25 17:17:04,617,468,1,6
102,2005-05-25 17:22:10,373,343,1,6
103,2005-05-25 17:30:42,3343,384,1,9
104,2005-05-25 17:46:33,4281,310,1,1
105,2005-05-25 17:54:12,794,108,2,4
106,2005-05-25 18:18:19,3627,196,2,9
107,2005-05-25 18:28:09,2833,317,2,9
108,2005-05-25 18:30:05,3289,242,1,5
109,2005-05-25 18:40:20,1044,503,2,4
110,2005-05-25 18:43:49,4108,19,2,8
111,2005-05-25 18:45:19,3725,227,1,2
112,2005-05-25 18:57:24,2153,500,1,8
113,2005-05-25 19:07:40,2963,93,2,2
114,2005-05-25 19:12:42,4502,506,1,7
115,2005-05-25 19:13:25,749,455,1,4
116,2005-05-25 19:27:51,4453,18,1,0
117,2005-05-25 19:30:46,4278,7,2,6
118,2005-05-25 19:31:18,872,524,1,5
119,2005-05-25 19:37:02,1359,51,2,4
120,2005-05-25 19:37:47,37,365,2,7
121,2005-05-25 19:41:29,1053,405,1,4
122,2005-05-25 19:46:21,2908,273,1,7
123,2005-05-25 20:26:42,1795,43,1,0
124,2005-05-25 20:46:11,212,246,2,4
125,2005-05-25 20:48:50,952,368,1,8
126,2005-05-25 21:07:59,2047,439,1,2
127,2005-05-25 21:10:40,2026,94,1,8
128,2005-05-25 21:19:53,4322,40,1,4
129,2005-05-25 21:20:03,4154,23,2,9
130,2005-05-25 21:21:56,3990,56,2,5
131,2005-05-25 21:42:46,815,325,2,5
132,2005-05-25 21:46:54,3367,479,1,5
133,2005-05-25 21:48:30,399,237,2,4
134,2005-05-25 21:48:41,2272,222,1,7
135,2005-05-25 21:58:58,103,304,1,8
136,2005-05-25 22:02:30,2296,504,1,5
137,2005-05-25 22:25:18,2591,560,2,6
138,2005-05-25 22:48:22,4134,586,2,3
139,2005-05-25 23:00:21,327,257,1,3
140,2005-05-25 23:34:22,655,354,1,1
141,2005-05-25 23:34:53,811,89,1,7
142,2005-05-25 23:43:47,4407,472,2,3
143,2005-05-25 23:45:52,847,297,2,1
144,2005-05-25 23:49:56,1689,357,2,6
145,2005-05-25 23:59:03,3905,82,1,5
146,2005-05-26 00:07:11,1431,433,2,9
147,2005-05-26 00:17:50,633,274,2,3
148,2005-05-26 00:25:23,4252,142,2,6
149,2005-05-26 00:28:05,1084,319,2,7
150,2005-05-26 00:28:39,909,429,2,6
151,2005-05-26 00:37:28,2942,14,1,4
152,2005-05-26 00:41:10,2622,57,1,8
153,2005-05-26 00:47:47,3888,348,1,1
154,2005-05-26 00:55:56,1354,185,2,3
155,2005-05-26 01:15:05,288,551,1,5
156,2005-05-26 01:19:05,3193,462,1,1
157,2005-05-26 01:25:21,887,344,2,0
158,2005-05-26 01:27:11,2395,354,2,7
159,2005-05-26 01:34:28,3453,505,1,3
160,2005-05-26 01:46:20,1885,290,1,6
161,2005-05-26 01:51:48,2941,182,1,1
162,2005-05-26 02:02:05,1229,296,2,1
163,2005-05-26 02:26:23,2306,104,1,9
164,2005-05-26 02:26:49,1070,151,1,1
165,2005-05-26 02:28:36,2735,33,1,7
166,2005-05-26 02:49:11,3894,322,1,4
167,2005-05-26 02:50:31,865,401,1,1
168,2005-05-26 03:07:43,2714,469,2,6
169,2005-05-26 03:09:30,1758,381,2,0
170,2005-05-26 03:11:12,3688,107,1,7
171,2005-05-26 03:14:15,4483,400,2,7
172,2005-05-26 03:17:42,2873,176,2,3
173,2005-05-26 03:42:10,3596,533,2,1
174,2005-05-26 03:44:10,3954,552,2,2
175,2005-05-26 03:46:26,4346,47,2,8
176,2005-05-26 03:47:39,851,250,2,5
177,2005-05-26 04:14:29,3545,548,2,6
178,2005-05-26 04:21:46,1489,196,2,9
179,2005-05-26 04:26:06,2575,19,1,8
180,2005-05-26 04:46:23,2752,75,1,6
181,2005-05-26 04:47:06,2417,587,2,3
182,2005-05-26 04:49:17,4396,237,2,6
183,2005-05-26 05:01:18,2877,254,1,6
184,2005-05-26 05:29:49,1970,556,1,2
185,2005-05-26 05:30:03,2598,125,2,7
186,2005-05-26 05:32:52,1799,468,2,8
187,2005-05-26 05:42:37,4004,515,1,8
188,2005-05-26 05:47:12,3342,243,1,0
189,2005-05-26 06:01:41,984,247,1,1
190,2005-05-26 06:11:28,3962,533,1,6
191,2005-05-26 06:14:06,4365,412,1,1
192,2005-05-26 06:20:37,1897,437,1,7
193,2005-05-26 06:41:48,3900,270,2,3
194,2005-05-26 06:52:33,1337,29,2,3
195,2005-05-26 06:52:36,506,564,2,4
196,2005-05-26 06:55:58,190,184,1,1
197,2005-05-26 06:59:21,4212,546,2,7
198,2005-05-26 07:03:49,1789,54,1,9
199,2005-05-26 07:11:58,2135,71,1,2
200,2005-05-26 07:12:21,3926,321,1,5
201,2005-05-26 07:13:45,776,444,2,8
202,2005-05-26 07:27:36,674,20,1,6
203,2005-05-26 07:27:57,3374,109,1,8
204,2005-05-26 07:30:37,1842,528,1,4
205,2005-05-26 07:59:37,303,114,2,3
206,2005-05-26 08:01:54,1717,345,1,0
207,2005-05-26 08:04:38,102,47,2,1
208,2005-05-26 08:10:22,3669,274,1,0
209,2005-05-26 08:14:01,729,379,1,1
210,2005-05-26 08:14:15,1801,391,2,1
211,2005-05-26 08:33:10,4005,170,1,2
212,2005-05-26 08:34:41,764,59,2,4
213,2005-05-26 08:44:08,1505,394,2,5
214,2005-05-26 08:48:49,1453,98,2,4
215,2005-05-26 09:02:47,679,197,2,2
216,2005-05-26 09:17:43,1398,91,1,7
217,2005-05-26 09:24:26,4395,121,2,4
218,2005-05-26 09:27:09,2291,309,2,9
219,2005-05-26 09:41:45,3074,489,1,1
220,2005-05-26 10:06:49,1259,542,1,5
221,2005-05-26 10:14:09,3578,143,1,2
222,2005-05-26 10:14:38,2745,83,2,4
223,2005-05-26 10:15:23,3121,460,1,4
224,2005-05-26 10:18:27,4285,318,1,8
225,2005-05-26 10:27:50,651,467,2,5
226,2005-05-26 10:44:04,4181,221,2,5
227,2005-05-26 10:51:46,214,301,1,3
228,2005-05-26 10:54:28,511,571,1,8
229,2005-05-26 11:19:20,1131,312,2,5
230,2005-05-26 11:31:50,1085,58,1,4
231,2005-05-26 11:31:59,4032,365,1,0
232,2005-05-26 11:38:05,2945,256,2,0
233,2005-05-26 11:43:44,715,531,2,2
234,2005-05-26 11:47:20,1321,566,2,7
235,2005-05-26 11:51:09,3537,119,1,8
236,2005-05-26 11:53:49,1265,446,1,2
237,2005-05-26 12:15:13,241,536,1,3
238,2005-05-26 12:30:22,503,211,1,0
239,2005-05-26 12:30:26,131,49,2,6
240,2005-05-26 12:40:23,3420,103,1,8
241,2005-05-26 12:49:01,4438,245,2,1
242,2005-05-26 13:05:08,2095,214,1,7
243,2005-05-26 13:06:05,1721,543,2,8
244,2005-05-26 13:40:40,1041,257,1,4
245,2005-05-26 13:46:59,3045,158,2,0
246,2005-05-26 13:57:07,2829,240,2,2
247,2005-05-26 14:01:05,4095,102,2,1
248,2005-05-26 14:07:58,1913,545,2,4
249,2005-05-26 14:19:09,2428,472,2,2
250,2005-05-26 14:30:24,368,539,1,0
251,2005-05-26 14:35:40,4352,204,1,3
252,2005-05-26 14:39:53,1203,187,1,7
253,2005-05-26 14:43:14,2969,416,1,0
254,2005-05-26 14:43:48,1835,390,2,4
255,2005-05-26 14:52:15,3264,114,1,0
256,2005-05-26 15:20:58,3194,436,1,5
257,2005-05-26 15:27:05,2570,373,2,3
258,2005-05-26 15:28:14,3534,502,2,4
259,2005-05-26 15:32:46,30,482,2,8
260,2005-05-26 15:42:20,435,21,2,4
261,2005-05-26 15:44:23,1369,414,2,6
262,2005-05-26 15:46:56,4261,236,2,2
263,2005-05-26 15:47:40,1160,449,2,3
264,2005-05-26 16:00:49,2069,251,2,0
265,2005-05-26 16:07:38,2276,303,1,5
266,2005-05-26 16:08:05,3303,263,2,0
267,2005-05-26 16:16:21,1206,417,2,4
268,2005-05-26 16:19:08,1714,75,1,0
269,2005-05-26 16:19:46,3501,322,2,0
270,2005-05-26 16:20:56,207,200,2,7
271,2005-05-26 16:22:01,2388,92,2,8
272,2005-05-26 16:27:11,971,71,2,7
273,2005-05-26 16:29:36,1590,193,2,3
274,2005-05-26 16:48:51,656,311,1,8
275,2005-05-26 17:09:53,1718,133,1,9
276,2005-05-26 17:16:07,1221,58,1,7
277,2005-05-26 17:32:11,1409,45,1,2
278,2005-05-26 17:40:58,182,214,2,6
279,2005-05-26 18:02:50,661,384,2,8
280,2005-05-26 18:36:58,1896,167,1,1
281,2005-05-26 18:49:35,1208,582,2,0
282,2005-05-26 18:56:26,4486,282,2,5
283,2005-05-26 19:05:05,3530,242,1,5
284,2005-05-26 19:21:44,350,359,2,8
285,2005-05-26 19:41:40,2486,162,2,4
286,2005-05-26 19:44:51,314,371,2,8
287,2005-05-26 19:44:54,3631,17,1,6
288,2005-05-26 19:47:49,3546,82,2,8
289,2005-05-26 20:01:09,2449,81,1,1
290,2005-05-26 20:08:33,2776,429,1,3
291,2005-05-26 20:20:47,485,577,2,7
292,2005-05-26 20:22:12,4264,515,1,9
293,2005-05-26 20:27:02,1828,158,2,7
294,2005-05-26 20:29:57,2751,369,1,1
295,2005-05-26 20:33:20,4030,65,2,0
296,2005-05-26 20:35:19,3878,468,2,8
297,2005-05-26 20:48:48,1594,48,2,0
298,2005-05-26 20:52:26,1083,460,2,3
299,2005-05-26 20:55:36,4376,448,2,1
300,2005-05-26 20:57:00,249,47,2,9
301,2005-05-26 21:06:14,3448,274,2,5
302,2005-05-26 21:13:46,2921,387,2,7
303,2005-05-26 21:16:52,1111,596,2,1
304,2005-05-26 21:21:28,1701,534,1,6
305,2005-05-26 21:22:07,2665,464,2,7
306,2005-05-26 21:31:57,2781,547,1,1
307,2005-05-26 21:48:13,1097,375,1,9
308,2005-05-26 22:01:39,187,277,2,8
309,2005-05-26 22:38:10,1946,251,2,6
310,2005-05-26 22:41:07,593,409,1,6
311,2005-05-26 22:51:37,2830,201,1,5
312,2005-05-26 22:52:19,2008,143,2,6
313,2005-05-26 22:56:19,4156,594,2,2
314,2005-05-26 23:09:41,2851,203,2,1
315,2005-05-26 23:12:55,2847,238,1,3
316,2005-05-26 23:22:55,3828,249,2,3
317,2005-05-26 23:23:56,26,391,2,5
318,2005-05-26 23:37:39,2559,60,2,7
319,2005-05-26 23:52:13,3024,77,1,3
320,2005-05-27 00:09:24,1090,2,2,1
322,2005-05-27 00:47:35,4556,496,1,5
323,2005-05-27 00:49:27,2362,144,1,3
324,2005-05-27 01:00:04,3364,292,1,3
325,2005-05-27 01:09:55,2510,449,2,4
326,2005-05-27 01:10:11,3979,432,2,8
327,2005-05-27 01:18:57,2678,105,1,8
328,2005-05-27 01:29:31,2524,451,1,5
329,2005-05-27 01:57:14,2659,231,2,4
330,2005-05-27 02:15:30,1536,248,2,8
331,2005-05-27 02:22:26,1872,67,1,8
332,2005-05-27 02:27:10,1529,299,2,6
333,2005-05-27 02:52:21,4001,412,2,4
334,2005-05-27 03:03:07,3973,194,1,2
335,2005-05-27 03:07:10,1411,16,2,8
336,2005-05-27 03:15:23,1811,275,1,2
337,2005-05-27 03:22:30,751,19,1,6
338,2005-05-27 03:42:52,2596,165,2,5
339,2005-05-27 03:47:18,2410,516,2,8
340,2005-05-27 03:55:25,946,209,2,8
341,2005-05-27 04:01:42,4168,56,1,9
342,2005-05-27 04:11:04,4019,539,2,1
343,2005-05-27 04:13:41,3301,455,1,1
344,2005-05-27 04:30:22,2327,236,2,2
345,2005-05-27 04:32:25,1396,144,1,4
346,2005-05-27 04:34:41,4319,14,2,8
347,2005-05-27 04:40:33,1625,378,2,1
348,2005-05-27 04:50:56,1825,473,1,4
349,2005-05-27 04:53:11,2920,36,2,1
350,2005-05-27 05:01:28,2756,9,2,8
351,2005-05-27 05:39:03,3371,118,1,5
352,2005-05-27 05:48:19,4369,157,1,2
353,2005-05-27 06:03:39,3989,503,2,6
354,2005-05-27 06:12:26,2058,452,1,5
355,2005-05-27 06:15:33,141,446,2,4
356,2005-05-27 06:32:30,2868,382,2,2
357,2005-05-27 06:37:15,4417,198,2,3
358,2005-05-27 06:43:59,1925,102,2,2
359,2005-05-27 06:48:33,1156,152,1,1
360,2005-05-27 06:51:14,3489,594,1,6
361,2005-05-27 07:03:28,6,587,1,4
362,2005-05-27 07:10:25,2324,147,1,5
363,2005-05-27 07:14:00,4282,345,2,1
364,2005-05-27 07:20:12,833,430,2,4
365,2005-05-27 07:31:20,2887,167,1,7
366,2005-05-27 07:33:54,360,134,2,7
367,2005-05-27 07:37:02,3437,439,2,2
368,2005-05-27 07:42:29,1247,361,2,8
369,2005-05-27 07:46:49,944,508,2,4
370,2005-05-27 07:49:43,3347,22,2,8
371,2005-05-27 08:08:18,1235,295,2,8
372,2005-05-27 08:13:58,4089,510,2,7
373,2005-05-27 08:16:25,1649,464,1,5
374,2005-05-27 08:26:30,4420,337,1,8
375,2005-05-27 08:49:21,1815,306,1,8
376,2005-05-27 08:58:15,3197,542,1,5
377,2005-05-27 09:04:05,3012,170,2,5
378,2005-05-27 09:23:22,2242,53,1,2
379,2005-05-27 09:25:32,3462,584,1,5
380,2005-05-27 09:34:39,1777,176,1,8
381,2005-05-27 09:43:25,2748,371,1,4
382,2005-05-27 10:12:00,4358,183,1,4
383,2005-05-27 10:12:20,955,298,1,7
384,2005-05-27 10:18:20,910,371,2,5
385,2005-05-27 10:23:25,1565,213,2,3
386,2005-05-27 10:26:31,1288,109,1,2
387,2005-05-27 10:35:27,2684,506,2,5
388,2005-05-27 10:37:27,434,28,1,2
389,2005-05-27 10:45:41,691,500,2,8
390,2005-05-27 11:02:26,3759,48,2,6
391,2005-05-27 11:03:55,2193,197,2,5
392,2005-05-27 11:14:42,263,359,2,5
393,2005-05-27 11:18:25,145,251,2,0
394,2005-05-27 11:26:11,1890,274,2,7
395,2005-05-27 11:45:49,752,575,1,4
396,2005-05-27 11:47:04,1020,112,1,1
397,2005-05-27 12:29:02,4193,544,2,1
398,2005-05-27 12:44:03,1686,422,1,5
399,2005-05-27 12:48:38,553,204,1,2
400,2005-05-27 12:51:44,258,249,2,3
401,2005-05-27 12:57:55,2179,46,2,2
402,2005-05-27 13:17:18,461,354,2,2
403,2005-05-27 13:28:52,3983,424,2,1
404,2005-05-27 13:31:51,1293,168,1,3
405,2005-05-27 13:32:39,4090,272,2,9
406,2005-05-27 13:46:46,2136,381,1,2
407,2005-05-27 13:57:38,1077,44,1,4
408,2005-05-27 13:57:39,1438,84,1,0
409,2005-05-27 14:10:58,3652,220,2,5
410,2005-05-27 14:11:22,4010,506,2,6
411,2005-05-27 14:14:14,1434,388,1,7
412,2005-05-27 14:17:23,1400,375,2,2
413,2005-05-27 14:45:37,3516,307,1,6
414,2005-05-27 14:48:20,1019,219,2,3
415,2005-05-27 14:51:45,3698,304,2,1
416,2005-05-27 15:02:10,2371,222,2,1
417,2005-05-27 15:07:27,2253,475,2,2
418,2005-05-27 15:13:17,3063,151,2,7
419,2005-05-27 15:15:11,2514,77,1,5
420,2005-05-27 15:19:38,619,93,2,6
421,2005-05-27 15:30:13,2985,246,2,7
422,2005-05-27 15:31:55,1152,150,2,4
423,2005-05-27 15:32:57,1783,284,1,6
424,2005-05-27 15:34:01,2815,35,1,8
425,2005-05-27 15:51:30,1518,182,2,7
426,2005-05-27 15:56:57,1103,522,1,8
427,2005-05-27 16:10:04,1677,288,2,8
428,2005-05-27 16:10:58,3349,161,2,4
429,2005-05-27 16:21:26,129,498,2,9
430,2005-05-27 16:22:10,1920,190,1,8
431,2005-05-27 16:31:05,4507,334,1,8
432,2005-05-27 16:40:29,1119,46,1,1
433,2005-05-27 16:40:40,4364,574,2,3
434,2005-05-27 16:54:27,3360,246,1,8
435,2005-05-27 17:17:09,3328,3,2,5
436,2005-05-27 17:21:04,4317,267,2,3
437,2005-05-27 17:47:22,1800,525,2,8
438,2005-05-27 17:52:34,4260,249,2,9
439,2005-05-27 17:54:48,354,319,2,6
440,2005-05-27 18:00:35,4452,314,1,1
441,2005-05-27 18:11:05,1578,54,1,3
442,2005-05-27 18:12:13,1457,403,2,2
443,2005-05-27 18:35:20,2021,547,1,8
444,2005-05-27 18:39:15,723,239,1,4
445,2005-05-27 18:42:57,1757,293,2,3
446,2005-05-27 18:48:41,1955,401,2,6
447,2005-05-27 18:57:02,3890,133,1,8
448,2005-05-27 19:03:08,2671,247,2,7
449,2005-05-27 19:13:15,2469,172,2,7
450,2005-05-27 19:18:54,1343,247,1,9
451,2005-05-27 19:27:54,205,87,2,1
452,2005-05-27 19:30:33,2993,127,2,3
453,2005-05-27 19:31:16,4425,529,1,2
454,2005-05-27 19:31:36,3499,575,1,2
455,2005-05-27 19:43:29,3344,343,2,8
456,2005-05-27 19:50:06,1699,92,1,6
457,2005-05-27 19:52:29,2368,300,2,5
458,2005-05-27 19:58:36,3350,565,1,9
459,2005-05-27 20:00:04,597,468,1,2
460,2005-05-27 20:02:03,4238,240,1,0
461,2005-05-27 20:08:55,2077,447,1,4
462,2005-05-27 20:10:36,2314,364,2,7
463,2005-05-27 20:11:47,826,21,1,8
464,2005-05-27 20:42:44,1313,193,2,2
465,2005-05-27 20:44:36,20,261,1,5
466,2005-05-27 20:57:07,1786,442,1,1
467,2005-05-27 21:10:03,339,557,1,4
468,2005-05-27 21:13:10,2656,101,2,7
469,2005-05-27 21:14:26,4463,154,1,9
470,2005-05-27 21:17:08,1613,504,1,7
471,2005-05-27 21:32:42,2872,209,2,3
472,2005-05-27 21:36:15,1338,528,1,1
473,2005-05-27 21:36:34,802,105,1,8
474,2005-05-27 22:11:56,1474,274,1,3
475,2005-05-27 22:16:26,2520,159,1,0
476,2005-05-27 22:31:36,2451,543,1,6
477,2005-05-27 22:33:33,2437,161,2,5
478,2005-05-27 22:38:20,424,557,2,3
479,2005-05-27 22:39:10,2060,231,2,9
480,2005-05-27 22:47:39,2108,220,2,7
481,2005-05-27 22:49:27,72,445,2,2
482,2005-05-27 22:53:02,4178,546,2,5
483,2005-05-27 23:00:25,1510,32,1,0
484,2005-05-27 23:26:45,3115,491,2,1
485,2005-05-27 23:40:52,2392,105,2,0
486,2005-05-27 23:51:12,1822,398,1,0
487,2005-05-28 00:00:30,3774,569,2,0
488,2005-05-28 00:07:50,393,168,2,6
489,2005-05-28 00:09:12,1940,476,2,3
490,2005-05-28 00:09:56,3524,95,2,2
491,2005-05-28 00:13:35,1326,196,2,0
492,2005-05-28 00:24:58,1999,228,1,0
493,2005-05-28 00:34:11,184,501,1,2
494,2005-05-28 00:39:31,1850,64,1,5
495,2005-05-28 00:40:48,1007,526,1,1
496,2005-05-28 00:43:41,1785,56,1,7
497,2005-05-28 00:54:39,2636,20,2,6
498,2005-05-28 01:01:21,458,287,2,2
499,2005-05-28 01:05:07,2381,199,2,8
500,2005-05-28 01:05:25,4500,145,1,3
501,2005-05-28 01:09:36,601,162,2,2
502,2005-05-28 01:34:43,3131,179,2,2
503,2005-05-28 01:35:25,3005,288,2,0
504,2005-05-28 02:05:34,2086,170,1,2
505,2005-05-28 02:06:37,71,111,1,1
506,2005-05-28 02:09:19,667,469,1,8
507,2005-05-28 02:31:19,3621,421,2,5
508,2005-05-28 02:40:50,4179,434,1,8
509,2005-05-28 02:51:12,3416,147,1,3
510,2005-05-28 02:52:14,4338,113,2,2
511,2005-05-28 03:04:04,3827,296,1,6
512,2005-05-28 03:07:50,2176,231,2,7
513,2005-05-28 03:08:10,225,489,1,1
514,2005-05-28 03:09:28,1697,597,2,7
515,2005-05-28 03:10:10,3369,110,2,6
516,2005-05-28 03:11:47,4357,400,1,6
517,2005-05-28 03:17:57,234,403,1,1
518,2005-05-28 03:18:02,4087,480,1,2
519,2005-05-28 03:22:33,3564,245,1,6
520,2005-05-28 03:27:37,3845,161,1,7
521,2005-05-28 03:32:22,2397,374,1,0
522,2005-05-28 03:33:20,3195,382,1,3
523,2005-05-28 03:53:26,1905,138,2,3
524,2005-05-28 03:57:28,1962,223,1,3
525,2005-05-28 04:25:33,1817,14,1,8
526,2005-05-28 04:27:37,1387,408,1,2
527,2005-05-28 04:28:38,266,169,1,5
528,2005-05-28 04:30:05,1655,359,2,6
529,2005-05-28 04:34:17,2624,469,1,1
530,2005-05-28 05:13:01,3332,312,2,4
531,2005-05-28 05:23:38,1113,589,2,1
532,2005-05-28 05:36:58,2793,120,1,4
533,2005-05-28 06:14:46,4306,528,2,4
534,2005-05-28 06:15:25,992,184,1,9
535,2005-05-28 06:16:32,4209,307,1,2
536,2005-05-28 06:17:33,2962,514,2,6
537,2005-05-28 06:20:55,3095,315,2,8
538,2005-05-28 06:21:05,2262,110,2,4
539,2005-05-28 06:26:16,3427,161,1,1
540,2005-05-28 06:40:25,3321,119,1,8
541,2005-05-28 06:41:58,1662,535,2,5
542,2005-05-28 06:42:13,4444,261,1,6
543,2005-05-28 06:43:34,530,493,2,9
544,2005-05-28 07:03:00,2964,311,1,8
545,2005-05-28 07:10:20,1086,54,2,6
546,2005-05-28 07:16:25,487,20,1,4
547,2005-05-28 07:24:28,2065,506,2,8
548,2005-05-28 07:34:56,3704,450,2,7
549,2005-05-28 07:35:37,1818,159,1,5
550,2005-05-28 07:39:16,3632,432,2,9
551,2005-05-28 07:44:18,3119,315,2,5
552,2005-05-28 07:53:38,23,106,2,7
553,2005-05-28 08:14:44,1349,176,2,4
554,2005-05-28 08:23:16,1951,376,2,2
555,2005-05-28 08:31:14,4397,55,2,1
556,2005-05-28 08:31:36,1814,22,2,8
557,2005-05-28 08:36:22,158,444,2,6
558,2005-05-28 08:38:43,4163,442,1,9
559,2005-05-28 08:39:02,1227,572,2,7
560,2005-05-28 08:53:02,644,463,2,7
561,2005-05-28 08:54:06,928,77,1,7
562,2005-05-28 09:01:21,3390,102,2,4
563,2005-05-28 09:10:49,53,324,1,9
564,2005-05-28 09:12:09,2973,282,1,0
565,2005-05-28 09:26:31,1494,288,1,3
566,2005-05-28 09:51:39,4330,253,1,7
567,2005-05-28 09:56:20,3308,184,2,3
568,2005-05-28 09:57:36,2232,155,1,3
569,2005-05-28 10:12:41,4534,56,2,5
570,2005-05-28 10:15:04,1122,21,1,1
571,2005-05-28 10:17:41,4250,516,1,7
572,2005-05-28 10:30:13,1899,337,2,4
573,2005-05-28 10:35:23,4020,1,1,5
574,2005-05-28 10:44:28,3883,76,1,7
575,2005-05-28 10:56:09,4451,142,1,8
576,2005-05-28 10:56:10,1866,588,2,7
577,2005-05-28 11:09:14,375,6,2,4
578,2005-05-28 11:15:48,2938,173,1,4
579,2005-05-28 11:19:23,3481,181,1,5
580,2005-05-28 11:19:53,3515,17,2,3
581,2005-05-28 11:20:29,1380,186,2,7
582,2005-05-28 11:33:46,4579,198,1,0
583,2005-05-28 11:48:55,2679,386,2,6
584,2005-05-28 11:49:00,1833,69,1,4
585,2005-05-28 11:50:45,3544,490,2,6
586,2005-05-28 12:03:00,898,77,1,1
587,2005-05-28 12:05:33,1413,64,2,2
588,2005-05-28 12:08:37,95,89,2,1
589,2005-05-28 12:27:50,4231,308,2,5
590,2005-05-28 13:06:50,473,462,1,4
591,2005-05-28 13:11:04,377,19,2,1
592,2005-05-28 13:21:08,638,244,1,1
593,2005-05-28 13:33:23,1810,16,2,2
594,2005-05-28 13:41:56,2766,538,1,1
595,2005-05-28 13:59:54,595,294,1,8
596,2005-05-28 14:00:03,821,589,1,1
597,2005-05-28 14:01:02,4469,249,2,9
598,2005-05-28 14:04:50,599,159,2,6
599,2005-05-28 14:05:57,4136,393,2,4
600,2005-05-28 14:08:19,1567,332,2,5
601,2005-05-28 14:08:22,3225,429,1,6
602,2005-05-28 14:15:54,1300,590,2,8
603,2005-05-28 14:27:51,3248,537,1,0
604,2005-05-28 14:37:07,1585,426,2,5
605,2005-05-28 14:39:10,4232,501,2,3
606,2005-05-28 14:48:39,3509,299,2,6
607,2005-05-28 15:02:41,2561,554,2,1
608,2005-05-28 15:03:44,4254,494,2,7
609,2005-05-28 15:04:02,2944,150,2,7
610,2005-05-28 15:15:25,3642,500,2,4
611,2005-05-28 15:18:18,1230,580,2,3
612,2005-05-28 15:24:54,2180,161,2,1
613,2005-05-28 15:27:22,270,595,1,5
614,2005-05-28 15:33:28,280,307,2,6
615,2005-05-28 15:35:52,3397,533,2,6
616,2005-05-28 15:45:39,989,471,1,4
617,2005-05-28 15:49:14,4142,372,2,2
618,2005-05-28 15:50:07,4445,248,1,4
619,2005-05-28 15:52:26,2482,407,2,9
620,2005-05-28 15:54:45,2444,321,1,7
621,2005-05-28 15:58:12,1144,239,1,2
622,2005-05-28 15:58:22,2363,109,1,6
623,2005-05-28 16:01:28,1222,495,1,1
624,2005-05-28 16:13:22,3660,569,1,9
625,2005-05-28 16:35:46,2889,596,1,3
626,2005-05-28 16:58:09,452,584,2,3
627,2005-05-28 17:04:43,425,241,2,7
628,2005-05-28 17:05:46,2513,173,2,8
629,2005-05-28 17:19:15,1527,94,2,5
630,2005-05-28 17:24:51,1254,417,2,8
631,2005-05-28 17:36:32,2465,503,2,5
632,2005-05-28 17:37:50,1287,442,1,5
633,2005-05-28 17:37:59,58,360,2,6
634,2005-05-28 17:40:35,2630,428,2,7
635,2005-05-28 17:46:57,1648,42,1,9
636,2005-05-28 17:47:58,4213,239,1,6
637,2005-05-28 18:14:29,1581,250,2,1
638,2005-05-28 18:24:43,2685,372,2,5
639,2005-05-28 18:25:02,4204,198,1,0
640,2005-05-28 18:43:26,495,465,1,1
641,2005-05-28 18:45:47,3548,396,1,6
642,2005-05-28 18:49:12,140,157,2,4
643,2005-05-28 18:52:11,3105,240,2,2
644,2005-05-28 18:59:12,4304,316,1,6
645,2005-05-28 19:14:09,3128,505,1,7
646,2005-05-28 19:16:14,1922,185,2,2
647,2005-05-28 19:22:52,3435,569,1,3
648,2005-05-28 19:25:54,3476,253,2,5
649,2005-05-28 19:35:45,1781,197,1,7
650,2005-05-28 19:45:40,4384,281,1,1
651,2005-05-28 19:46:50,739,266,1,1
652,2005-05-28 20:08:47,1201,43,2,0
653,2005-05-28 20:12:20,126,327,2,6
654,2005-05-28 20:15:30,2312,23,2,2
655,2005-05-28 20:16:20,331,287,2,2
656,2005-05-28 20:18:24,2846,437,1,1
657,2005-05-28 20:23:09,848,65,1,3
658,2005-05-28 20:23:23,3226,103,2,8
659,2005-05-28 20:27:53,1382,207,2,2
660,2005-05-28 20:53:31,1414,578,1,1
661,2005-05-28 21:01:25,2247,51,2,4
662,2005-05-28 21:09:31,2968,166,2,3
663,2005-05-28 21:23:02,3997,176,2,4
664,2005-05-28 21:31:08,87,523,2,4
665,2005-05-28 21:38:39,1012,415,1,0
666,2005-05-28 21:48:51,3075,437,2,7
667,2005-05-28 21:49:02,797,596,1,2
668,2005-05-28 21:54:45,3528,484,1,1
669,2005-05-28 22:03:25,3677,313,1,5
670,2005-05-28 22:04:03,227,201,2,9
671,2005-05-28 22:04:30,1027,14,2,5
672,2005-05-28 22:05:29,697,306,2,8
673,2005-05-28 22:07:30,1769,468,1,4
674,2005-05-28 22:11:35,1150,87,2,4
675,2005-05-28 22:22:44,1273,338,2,3
676,2005-05-28 22:27:51,2329,490,2,0
677,2005-05-28 23:00:08,4558,194,2,7
678,2005-05-28 23:15:48,3741,269,2,5
679,2005-05-28 23:24:57,907,526,2,8
680,2005-05-28 23:27:26,4147,482,2,4
681,2005-05-28 23:39:44,3346,531,1,3
682,2005-05-28 23:53:18,3160,148,2,0
683,2005-05-29 00:09:48,2038,197,1,4
684,2005-05-29 00:13:15,3242,461,2,6
685,2005-05-29 00:17:51,1385,172,2,7
686,2005-05-29 00:27:10,2441,411,1,1
687,2005-05-29 00:32:09,1731,250,1,2
688,2005-05-29 00:45:24,4135,162,1,4
689,2005-05-29 00:46:53,742,571,2,5
690,2005-05-29 00:54:53,2646,85,1,7
691,2005-05-29 01:01:26,4034,433,1,9
692,2005-05-29 01:32:10,800,18,2,4
693,2005-05-29 01:42:31,635,190,2,5
694,2005-05-29 01:49:43,592,399,1,7
695,2005-05-29 01:50:53,4276,528,1,5
696,2005-05-29 01:59:10,2076,19,1,3
697,2005-05-29 02:04:04,3949,387,2,5
698,2005-05-29 02:10:52,1412,109,1,3
699,2005-05-29 02:11:44,130,246,2,6
700,2005-05-29 02:18:54,500,117,1,1
701,2005-05-29 02:26:27,372,112,1,5
702,2005-05-29 02:27:30,2556,475,2,0
703,2005-05-29 02:29:36,1123,269,2,5
704,2005-05-29 02:44:43,2628,330,2,7
705,2005-05-29 02:48:52,2809,257,1,1
706,2005-05-29 03:05:49,2278,60,1,6
707,2005-05-29 03:18:19,819,252,1,0
708,2005-05-29 03:23:47,3133,127,2,2
709,2005-05-29 03:48:01,2459,479,1,8
710,2005-05-29 03:48:36,194,518,1,5
711,2005-05-29 03:49:03,4581,215,2,2
712,2005-05-29 04:02:24,4191,313,2,0
713,2005-05-29 04:10:17,3664,507,1,9
714,2005-05-29 04:15:21,2010,452,2,3
715,2005-05-29 04:22:41,2030,545,1,7
716,2005-05-29 04:35:29,85,36,2,3
717,2005-05-29 04:37:44,1383,412,2,1
718,2005-05-29 04:52:23,1736,498,1,3
719,2005-05-29 05:16:05,267,245,2,3
720,2005-05-29 05:17:30,3687,480,2,7
721,2005-05-29 05:28:47,1116,44,1,2
722,2005-05-29 05:30:31,4540,259,1,7
723,2005-05-29 05:34:44,3407,309,1,1
724,2005-05-29 05:53:23,3770,416,2,6
725,2005-05-29 06:03:41,4088,245,2,5
726,2005-05-29 06:05:29,933,452,2,6
727,2005-05-29 06:08:15,1629,484,1,1
728,2005-05-29 06:12:38,242,551,1,5
729,2005-05-29 06:35:13,1688,323,2,5
730,2005-05-29 07:00:59,3473,197,1,7
731,2005-05-29 07:25:16,4124,5,1,0
732,2005-05-29 07:32:51,2530,447,2,1
733,2005-05-29 07:35:21,2951,363,1,7
734,2005-05-29 07:38:52,3084,538,2,5
735,2005-05-29 08:08:13,3421,454,1,9
736,2005-05-29 08:10:07,3689,276,2,7
737,2005-05-29 08:11:31,769,589,2,6
738,2005-05-29 08:20:08,2284,256,2,8
739,2005-05-29 08:28:18,1183,84,2,8
740,2005-05-29 08:30:36,600,89,2,6
741,2005-05-29 08:35:49,3189,495,1,6
742,2005-05-29 08:36:30,273,483,1,7
743,2005-05-29 08:39:02,2528,548,2,8
744,2005-05-29 09:13:08,3722,420,2,2
745,2005-05-29 09:22:57,581,152,1,2
746,2005-05-29 09:25:10,4272,130,2,3
747,2005-05-29 09:26:34,1993,291,1,6
748,2005-05-29 09:27:00,2803,7,1,4
749,2005-05-29 09:33:33,1146,375,2,2
750,2005-05-29 09:41:40,730,269,1,1
751,2005-05-29 09:55:43,2711,53,1,3
752,2005-05-29 10:14:15,1720,126,1,5
753,2005-05-29 10:16:42,1021,135,2,6
754,2005-05-29 10:18:59,734,281,2,5
755,2005-05-29 10:26:29,3090,576,2,2
756,2005-05-29 10:28:45,3152,201,1,6
757,2005-05-29 10:29:47,1067,435,1,9
758,2005-05-29 10:31:56,1191,563,2,3
759,2005-05-29 10:57:57,2367,179,2,9
760,2005-05-29 11:07:25,3250,77,1,4
761,2005-05-29 11:09:01,2342,58,2,5
762,2005-05-29 11:15:51,3683,146,1,7
763,2005-05-29 11:32:15,2022,50,1,2
764,2005-05-29 11:37:35,1069,149,1,2
765,2005-05-29 11:38:34,515,69,1,4
766,2005-05-29 11:47:02,2154,383,1,7
767,2005-05-29 12:20:19,687,67,2,4
768,2005-05-29 12:30:46,2895,566,2,8
769,2005-05-29 12:51:44,1523,575,1,3
770,2005-05-29 12:56:50,2491,405,2,9
771,2005-05-29 12:59:14,353,476,2,3
772,2005-05-29 13:08:06,3319,556,1,7
773,2005-05-29 13:18:05,245,563,1,9
774,2005-05-29 13:19:43,1188,575,1,3
775,2005-05-29 13:23:26,1197,124,2,0
776,2005-05-29 13:35:35,4339,113,1,5
777,2005-05-29 14:07:58,451,360,2,4
778,2005-05-29 14:09:53,1816,535,1,7
779,2005-05-29 14:17:17,533,105,1,8
780,2005-05-29 14:18:32,1919,300,1,8
781,2005-05-29 14:23:58,88,313,1,1
782,2005-05-29 14:38:57,2255,596,2,3
783,2005-05-29 14:41:18,3046,53,2,7
784,2005-05-29 14:44:22,2936,352,2,3
785,2005-05-29 15:08:41,39,72,1,1
786,2005-05-29 15:17:28,2637,439,2,8
787,2005-05-29 16:03:03,3919,27,2,8
788,2005-05-29 16:13:55,763,562,1,2
789,2005-05-29 16:17:07,708,553,1,8
790,2005-05-29 16:19:29,2858,593,2,4
791,2005-05-29 16:30:42,1554,284,1,3
792,2005-05-29 16:32:10,2841,261,1,2
793,2005-05-29 16:44:08,379,528,2,8
794,2005-05-29 16:44:11,1995,50,1,6
795,2005-05-29 16:57:39,609,551,2,2
796,2005-05-29 16:59:44,2697,26,2,4
797,2005-05-29 17:12:17,1446,244,1,4
798,2005-05-29 17:23:43,1102,134,2,2
799,2005-05-29 17:24:48,1713,429,1,6
800,2005-05-29 17:28:12,441,472,1,0
801,2005-05-29 17:35:50,1642,402,2,5
802,2005-05-29 17:38:59,785,350,2,2
803,2005-05-29 17:52:30,1602,32,2,0
804,2005-05-29 18:10:24,3909,171,1,8
805,2005-05-29 18:18:18,3132,232,2,8
806,2005-05-29 18:31:30,2386,435,2,1
807,2005-05-29 18:50:50,2195,235,2,4
808,2005-05-29 19:08:20,1928,104,2,8
809,2005-05-29 19:10:20,2114,222,2,6
810,2005-05-29 19:12:04,2533,346,2,6
811,2005-05-29 19:30:42,4419,401,2,3
812,2005-05-29 20:00:30,1099,225,2,0
813,2005-05-29 20:14:34,4554,344,1,7
814,2005-05-29 20:16:12,1572,134,1,8
815,2005-05-29 20:24:28,3757,14,1,4
816,2005-05-29 20:26:39,630,474,2,8
817,2005-05-29 20:39:14,186,554,1,1
818,2005-05-29 20:47:53,4106,321,2,4
819,2005-05-29 21:00:32,623,511,2,3
820,2005-05-29 21:07:22,2584,22,2,8
821,2005-05-29 21:31:12,3380,348,1,6
822,2005-05-29 21:36:00,2634,480,1,8
823,2005-05-29 21:39:37,3249,441,1,1
824,2005-05-29 21:45:32,3518,357,1,1
825,2005-05-29 21:49:41,712,371,2,5
826,2005-05-29 21:56:15,2263,207,1,9
827,2005-05-29 21:58:43,62,573,1,7
828,2005-05-29 22:14:55,2468,217,1,0
829,2005-05-29 22:16:42,1684,371,1,7
830,2005-05-29 22:43:55,3464,3,1,2
831,2005-05-29 22:50:25,3912,509,1,7
832,2005-05-29 22:51:20,1381,159,2,8
833,2005-05-29 23:21:56,2898,417,1,3
834,2005-05-29 23:24:30,3628,84,2,0
835,2005-05-29 23:37:00,299,381,1,4
836,2005-05-29 23:56:42,3140,368,2,1
837,2005-05-30 00:02:08,977,172,2,3
838,2005-05-30 00:27:57,2859,504,2,7
839,2005-05-30 00:28:12,1886,337,1,9
840,2005-05-30 00:28:41,4049,79,2,1
841,2005-05-30 00:31:17,4318,387,1,3
842,2005-05-30 00:32:04,2328,238,1,2
843,2005-05-30 00:44:24,2214,313,2,1
844,2005-05-30 00:58:20,536,429,1,1
845,2005-05-30 01:17:25,2001,72,1,8
846,2005-05-30 01:17:45,938,49,2,1
847,2005-05-30 01:18:15,4387,380,2,7
848,2005-05-30 01:19:53,1363,436,1,6
849,2005-05-30 01:23:07,2424,449,1,8
850,2005-05-30 01:35:12,2390,517,1,1
851,2005-05-30 01:35:15,2780,530,1,7
852,2005-05-30 01:36:57,1622,549,1,2
853,2005-05-30 01:43:31,3693,122,1,2
854,2005-05-30 01:56:11,921,369,2,2
855,2005-05-30 02:00:28,2527,406,2,4
856,2005-05-30 02:01:21,3969,53,1,8
857,2005-05-30 02:01:23,2569,204,2,3
858,2005-05-30 02:10:32,1258,358,1,2
859,2005-05-30 02:36:20,3032,79,2,3
860,2005-05-30 02:45:16,578,276,1,9
861,2005-05-30 02:48:32,3711,502,1,7
862,2005-05-30 03:09:11,1186,328,1,4
863,2005-05-30 03:14:59,3999,379,2,6
864,2005-05-30 03:27:17,2777,544,1,7
865,2005-05-30 03:39:44,3183,154,2,8
866,2005-05-30 03:43:54,2867,8,1,9
867,2005-05-30 03:54:43,3389,99,1,2
868,2005-05-30 04:19:55,3604,28,1,0
869,2005-05-30 04:22:06,3399,296,2,4
870,2005-05-30 04:25:47,2903,391,1,7
871,2005-05-30 05:01:30,4573,303,2,5
872,2005-05-30 05:03:04,3904,548,1,7
873,2005-05-30 05:15:20,4568,375,2,7
874,2005-05-30 05:36:21,363,52,1,2
875,2005-05-30 05:38:24,1428,326,2,6
876,2005-05-30 05:41:22,1471,339,2,8
877,2005-05-30 05:48:59,886,9,1,3
878,2005-05-30 05:49:13,4265,323,1,7
879,2005-05-30 05:49:42,4021,482,2,5
880,2005-05-30 06:12:33,1819,460,2,2
881,2005-05-30 06:15:36,602,242,1,3
882,2005-05-30 06:16:06,3841,477,1,3
883,2005-05-30 06:21:05,2271,399,2,7
884,2005-05-30 06:41:32,4079,17,1,1
885,2005-05-30 06:54:28,646,62,2,4
886,2005-05-30 06:54:51,4356,393,2,1
887,2005-05-30 07:10:00,2727,16,2,1
888,2005-05-30 07:13:14,387,128,1,7
889,2005-05-30 07:14:53,1299,114,2,1
890,2005-05-30 07:43:04,1464,349,1,2
891,2005-05-30 07:43:12,2611,391,1,9
892,2005-05-30 08:02:56,471,274,1,6
893,2005-05-30 08:06:59,3260,502,2,8
894,2005-05-30 08:31:31,1118,400,1,8
895,2005-05-30 08:50:43,2744,192,1,6
896,2005-05-30 09:03:52,2817,207,2,5
897,2005-05-30 09:10:01,1334,432,1,8
898,2005-05-30 09:26:19,3497,384,2,2
899,2005-05-30 09:29:30,1096,156,2,7
900,2005-05-30 09:38:41,3543,586,1,8
901,2005-05-30 09:40:40,760,259,1,3
902,2005-05-30 09:53:36,1514,561,1,8
903,2005-05-30 10:11:29,2423,197,1,3
904,2005-05-30 10:19:42,2466,44,2,5
905,2005-05-30 10:25:00,4372,50,1,6
906,2005-05-30 10:30:38,1862,549,2,7
907,2005-05-30 10:37:27,3320,506,1,2
908,2005-05-30 10:38:37,4427,85,1,3
909,2005-05-30 10:43:38,3775,486,1,9
910,2005-05-30 10:46:16,2601,374,1,5
911,2005-05-30 10:50:22,1404,366,2,8
912,2005-05-30 10:58:33,3200,390,2,0
913,2005-05-30 11:04:58,3213,369,2,8
914,2005-05-30 11:06:00,1393,596,2,4
915,2005-05-30 11:20:27,1859,115,1,3
916,2005-05-30 11:25:01,1290,6,1,0
917,2005-05-30 11:27:06,3629,385,1,2
918,2005-05-30 11:32:24,818,197,2,0
919,2005-05-30 11:35:06,4052,374,2,3
920,2005-05-30 11:44:01,3860,584,2,2
921,2005-05-30 11:53:09,1827,508,2,3
922,2005-05-30 11:55:55,2442,550,2,8
923,2005-05-30 11:58:50,1884,37,1,5
924,2005-05-30 12:10:59,3279,293,1,5
925,2005-05-30 12:13:52,3203,137,2,3
926,2005-05-30 12:15:54,4327,76,2,1
927,2005-05-30 12:16:40,1158,167,2,1
928,2005-05-30 12:27:14,246,79,2,6
929,2005-05-30 12:32:39,4296,536,1,6
930,2005-05-30 12:44:57,2835,141,2,4
931,2005-05-30 12:53:01,3384,421,1,1
932,2005-05-30 12:55:36,719,198,2,0
933,2005-05-30 13:08:45,3672,66,1,2
934,2005-05-30 13:24:46,3595,60,2,9
935,2005-05-30 13:29:36,2421,256,1,2
936,2005-05-30 13:52:49,901,469,1,8
937,2005-05-30 14:47:31,1054,304,2,5
938,2005-05-30 14:47:31,1521,46,2,4
939,2005-05-30 14:49:34,1314,367,1,2
940,2005-05-30 15:01:02,1278,534,1,2
941,2005-05-30 15:02:25,3630,562,1,2
942,2005-05-30 15:05:47,4279,473,2,9
943,2005-05-30 15:20:19,3737,57,1,7
944,2005-05-30 15:26:24,151,131,2,8
945,2005-05-30 15:33:17,1441,357,2,2
946,2005-05-30 15:35:08,1264,486,1,8
947,2005-05-30 15:36:57,4478,62,1,5
948,2005-05-30 15:44:27,585,245,2,9
949,2005-05-30 15:50:39,2202,368,1,3
950,2005-05-30 16:06:08,491,83,1,1
951,2005-05-30 16:10:35,1395,59,2,1
952,2005-05-30 16:28:07,4389,311,2,2
953,2005-05-30 16:34:02,2194,210,1,1
954,2005-05-30 16:57:29,1231,297,2,8
955,2005-05-30 16:59:03,4140,301,2,0
956,2005-05-30 17:30:28,647,296,2,7
957,2005-05-30 17:53:29,4428,440,2,3
958,2005-05-30 17:58:03,548,186,2,2
959,2005-05-30 18:07:00,3108,535,2,2
960,2005-05-30 18:13:23,1966,445,2,4
961,2005-05-30 18:16:44,3293,588,2,5
962,2005-05-30 18:45:17,4535,520,1,6
963,2005-05-30 18:52:53,1921,225,2,7
964,2005-05-30 18:53:21,657,287,2,5
965,2005-05-30 19:00:14,3363,502,2,0
966,2005-05-30 19:00:37,1294,496,1,1
967,2005-05-30 19:12:06,1954,330,2,9
968,2005-05-30 19:20:03,119,576,2,0
969,2005-05-30 19:23:48,443,551,1,1
970,2005-05-30 19:50:28,1520,307,1,9
971,2005-05-30 20:10:52,2911,561,1,7
972,2005-05-30 20:21:07,2,411,1,6
973,2005-05-30 20:27:45,1914,473,2,9
974,2005-05-30 20:28:42,2617,596,2,9
975,2005-05-30 21:07:15,3109,7,2,3
976,2005-05-30 21:11:19,2290,581,2,6
977,2005-05-30 21:22:26,2029,394,2,5
978,2005-05-30 21:30:52,407,154,1,7
979,2005-05-30 21:37:11,3917,279,2,8
980,2005-05-30 21:45:19,4169,273,1,1
981,2005-05-30 21:52:42,2913,326,2,1
982,2005-05-30 22:15:24,3560,524,1,2
983,2005-05-30 22:15:51,63,115,1,3
984,2005-05-30 22:17:17,2305,262,2,1
985,2005-05-30 22:18:35,1573,564,1,5
986,2005-05-30 22:22:52,4045,253,1,1
987,2005-05-30 22:59:12,390,11,1,7
988,2005-05-30 23:08:03,1364,12,1,7
989,2005-05-30 23:11:51,4388,83,2,3
990,2005-05-30 23:25:14,4171,311,2,6
991,2005-05-30 23:29:22,2863,593,1,7
992,2005-05-30 23:47:56,3572,123,1,5
993,2005-05-30 23:54:19,2080,513,1,4
994,2005-05-30 23:55:36,2798,472,2,4
995,2005-05-31 00:06:02,17,150,2,6
996,2005-05-31 00:06:20,2075,331,2,0
997,2005-05-31 00:08:25,4243,216,2,2
998,2005-05-31 00:16:57,3395,389,1,1
999,2005-05-31 00:25:10,4433,413,2,3
1000,2005-05-31 00:25:56,1774,332,2,8
1001,2005-05-31 00:46:31,1498,64,2,6
